id,room_number,room_type,price,area,status,description
"3d1568a8-cf3b-4687-b130-acbb173d9af0","101","Phòng Đơn","4000000","21","AVAILABLE","Phòng đầy đủ nội thất cơ bản"
"96aecd32-aa36-4617-84ae-1b23d38aa8b8","102","Phòng Đôi","5000000","27","AVAILABLE","Phòng đầy đủ nội thất cơ bản"
"9a70f481-b4e6-4022-bd81-b638d85768d5","103","Phòng Đôi","6000000","21","AVAILABLE","Phòng đầy đủ nội thất cơ bản"
"69bfa5a2-4222-481f-ade1-5f976c4d5dae","104","Căn Hộ Mini","4000000","31","AVAILABLE","Phòng đầy đủ nội thất cơ bản"
"5baf4405-f6fd-4c18-a6e9-9e2b790e015f","105","Studio","5000000","24","AVAILABLE","Phòng đầy đủ nội thất cơ bản"
"6ec4a3d3-f65c-4973-9dcc-a3a79a5ac0d0","106","Căn Hộ Mini","7000000","23","AVAILABLE","Phòng đầy đủ nội thất cơ bản"
"bb66d306-e8bc-4d02-a838-7ff175c956cf","107","Phòng Đôi","5000000","29","AVAILABLE","Phòng đầy đủ nội thất cơ bản"
"a8864bec-faa6-4606-aa5f-8f8e7f389d27","108","Phòng Đơn","5000000","22","AVAILABLE","Phòng đầy đủ nội thất cơ bản"
"56212fcf-836f-4740-b553-c8c403d3f285","109","Phòng Đôi","5000000","19","AVAILABLE","Phòng đầy đủ nội thất cơ bản"
"dca14792-4bd6-4729-9994-77ef6dad523b","110","Căn Hộ Mini","3000000","29","AVAILABLE","Phòng đầy đủ nội thất cơ bản"
"901d29be-cb69-4f2c-a953-aa137c2c7a1f","111","Phòng Đôi","6000000","26","RENTED","Phòng đầy đủ nội thất cơ bản"
"8b323e4a-ad4f-4540-98c8-fe04766e072a","112","Căn Hộ Mini","7000000","20","RENTED","Phòng đầy đủ nội thất cơ bản"
"ef7b686f-c8a4-4a06-9527-023916ebb1e3","113","Phòng Đôi","3000000","23","RENTED","Phòng đầy đủ nội thất cơ bản"
"2c6d9ef1-f798-46e2-8b36-0cdd29e3b558","114","Studio","4000000","24","RENTED","Phòng đầy đủ nội thất cơ bản"
"c5c8dde3-c482-44d7-bc8d-e2fb56bbdbcc","115","Studio","7000000","33","RENTED","Phòng đầy đủ nội thất cơ bản"
"b16a04b3-6997-4288-a88a-c71a94ed76c9","116","Căn Hộ Mini","4000000","24","RENTED","Phòng đầy đủ nội thất cơ bản"
"32175810-8f1e-45df-becb-993f3db4c70c","117","Studio","7000000","18","RENTED","Phòng đầy đủ nội thất cơ bản"
"a3a12755-2408-4db7-be8e-82b61b20a635","118","Studio","3000000","21","RENTED","Phòng đầy đủ nội thất cơ bản"
"37b37bdd-fdb7-47d7-a7c8-fd0fe7ab5bd7","119","Phòng Đơn","5000000","23","RENTED","Phòng đầy đủ nội thất cơ bản"
"467fc29f-30e2-461a-bc49-537660392a1d","120","Phòng Đôi","7000000","31","RENTED","Phòng đầy đủ nội thất cơ bản"
"bc82e59e-845e-45d0-b9f8-d9c1bc92a192","121","Phòng Đơn","3000000","16","RENTED","Phòng đầy đủ nội thất cơ bản"
"bd7fa4f5-6487-4e99-87f2-fd7b9b53f248","122","Căn Hộ Mini","6000000","22","RENTED","Phòng đầy đủ nội thất cơ bản"
"6b5b9fde-4670-447a-9474-6c039a3a20b7","123","Căn Hộ Mini","7000000","17","RENTED","Phòng đầy đủ nội thất cơ bản"
"2113ef9d-0dce-44e8-94d1-a552db0ff0d8","124","Phòng Đơn","6000000","22","RENTED","Phòng đầy đủ nội thất cơ bản"
"5e92079a-970f-4996-a7de-459db91afa63","125","Phòng Đơn","6000000","17","RENTED","Phòng đầy đủ nội thất cơ bản"
"8a2d750e-ab10-4577-83e0-ceaa2732db8b","126","Căn Hộ Mini","3000000","31","RENTED","Phòng đầy đủ nội thất cơ bản"
"6dd0b088-fb7f-4fee-bbcf-298ae3bd36a6","127","Phòng Đơn","6000000","18","RENTED","Phòng đầy đủ nội thất cơ bản"
"97184b2f-5484-483a-adb0-a07d1241a88a","128","Phòng Đôi","3000000","16","RENTED","Phòng đầy đủ nội thất cơ bản"
"7f8c5b3c-d628-4911-91bc-0b2f2c1da240","129","Phòng Đôi","5000000","27","RENTED","Phòng đầy đủ nội thất cơ bản"
"ffd613a1-786a-4248-8ca7-7c778de0f6a7","130","Phòng Đôi","4000000","15","RENTED","Phòng đầy đủ nội thất cơ bản"
"3e9ff253-a04e-485f-a1c3-a1f310e2fa9c","131","Phòng Đôi","3000000","15","RENTED","Phòng đầy đủ nội thất cơ bản"
"24aac2b9-de1e-4585-9233-1e621efa00d1","132","Phòng Đôi","6000000","18","RENTED","Phòng đầy đủ nội thất cơ bản"
"e8065812-e6bf-4953-8b2a-19bce6aca747","133","Căn Hộ Mini","7000000","30","RENTED","Phòng đầy đủ nội thất cơ bản"
"4c2c06e3-3e21-4d17-98d3-c11c8bb6a671","134","Phòng Đôi","6000000","22","RENTED","Phòng đầy đủ nội thất cơ bản"
"e3555f04-0399-4a32-aec9-62d7b2e3220c","135","Phòng Đơn","5000000","29","RENTED","Phòng đầy đủ nội thất cơ bản"
"bf4d160d-3f57-49ac-aeb6-2caf2122190b","136","Phòng Đôi","3000000","30","RENTED","Phòng đầy đủ nội thất cơ bản"
"39191858-03e6-46a7-8f47-03a45cd261c8","137","Căn Hộ Mini","7000000","28","RENTED","Phòng đầy đủ nội thất cơ bản"
"49fa9772-3976-430b-96bf-41e3dd6c6133","138","Phòng Đơn","5000000","32","RENTED","Phòng đầy đủ nội thất cơ bản"
"3d3b447e-d335-408f-9ed8-75e7059d9c35","139","Studio","3000000","27","AVAILABLE","Phòng đầy đủ nội thất cơ bản"
"b63a4555-2122-4bb5-a26e-2a1d97b24564","140","Căn Hộ Mini","4000000","31","AVAILABLE","Phòng đầy đủ nội thất cơ bản"
"3d2054c9-24fb-4164-a271-d69a85f02977","141","Phòng Đôi","5000000","32","RENTED","Phòng đầy đủ nội thất cơ bản"
"9ae1f7ff-8078-4132-a6ef-6c8047c51e95","142","Phòng Đôi","7000000","32","RENTED","Phòng đầy đủ nội thất cơ bản"
"27e94b72-7ca6-4703-ad77-052d74b35a9b","143","Căn Hộ Mini","3000000","29","RENTED","Phòng đầy đủ nội thất cơ bản"
"cb9917b3-2317-46a5-bc71-c3df55ea97d2","144","Phòng Đôi","6000000","29","RENTED","Phòng đầy đủ nội thất cơ bản"
"5263065b-851f-4e28-a81e-eb6fe268dc32","145","Studio","5000000","34","RENTED","Phòng đầy đủ nội thất cơ bản"
"dbae9b50-3126-453c-971d-824427227717","146","Phòng Đôi","3000000","17","MAINTENANCE","Phòng đầy đủ nội thất cơ bản"
"b1e8b01f-65f8-4940-9870-79699af8e425","147","Phòng Đôi","6000000","33","MAINTENANCE","Phòng đầy đủ nội thất cơ bản"
"0201759b-4db1-4752-b05b-06434a3f27f0","148","Studio","5000000","34","MAINTENANCE","Phòng đầy đủ nội thất cơ bản"
"90a34ee0-401a-468c-a6ad-c9ea40a070ee","149","Studio","5000000","32","MAINTENANCE","Phòng đầy đủ nội thất cơ bản"
"d3ace2f5-9a26-4bfd-a52a-eb79fa6d59f9","150","Căn Hộ Mini","6000000","16","MAINTENANCE","Phòng đầy đủ nội thất cơ bản"